"요약","URL","날짜"
"ChatGPT - 의사","https://chatgpt.com/g/g-LRgL4PqLX-yisa","2024-01-17"
"JJstory 우리들만의 공간 꾸미기","https://jjleeblue.com/","2024-01-17"
"ChatPDF AI | Chat with any PDF | Free","https://www.chatpdf.com/","2024-01-30"
"ChatGPT - 직업재활 네비게이터","https://chatgpt.com/g/g-WysJlBnjp-jigeobjaehwal-nebigeiteo","2024-02-06"
"Login | Cohere","https://dashboard.cohere.com/welcome/login?redirect_uri=https%3A%2Fcoral.cohere.com%2Fapi%2Fauth%2Fauth_callback%3Fpath%3Dhttps%3A%2F%2Fcoral.cohere.com","2024-12-12"
"‎Google Gemini","https://gemini.google.com/app","2024-12-12"
"Prompt Engineering Guide | Prompt Engineering Guide","https://www.promptingguide.ai/","2023-12-29"
"달의 이성 - Daum 검색","https://m.search.daum.net/kakao?w=bookpage&bookId=6514191&tab=introduction&DA=SH2&q=%EB%8B%AC%EC%9D%98%20%EC%9D%B4%EC%84%B1","2023-12-29"
"프롬프트 엔지니어링 가이드 | Prompt Engineering Guide","https://www.promptingguide.ai/kr","2023-12-29"
"프롬프트 성능 평가 프레임워크 제안","https://www.gpters.org/dev/post/proposed-prompt-performance-evaluation-DZgQoj36kSWdPKM","2023-12-29"
"마이크로소프트, 개인용 '코파일럿 프로' 출시 - ZDNet korea","https://zdnet.co.kr/view/?no=20240116083415","2024-01-16"
"XHTML namespace","https://www.w3.org/1999/xhtml/","2024-01-31"
"Thymeleaf","https://www.thymeleaf.org/","2024-01-31"
"Google Search","https://www.google.com/search?q=travel+ai&oq=travel+ai&gs_lcrp=EgZjaHJvbWUyCQgAEEUYORiABDIHCAEQABiABDIHCAIQABiABDIICAMQABgHGB4yCAgEEAAYBxgeMggIBRAAGAcYHjIICAYQABgHGB4yCAgHEAAYBxgeMgcICBAAGIAEMgcICRAAGIAEqAIAsAIA&sourceid=chrome&ie=UTF-8","2024-01-02"
"A.GROUND 강의 신청","https://landbot.pro/v3/H-2113925-WAJVM9JRACY70XDM/index.html?bpath=confirm1&afcd=91192147","2024-02-25"
"Civitai: The Home of Open-Source Generative AI","https://civitai.com/","2024-10-10"
"🎅 OpenAI에서 만든 SantaGPT 봇!!","https://cprompters.tistory.com/89","2023-12-29"
"GPTers AI캠프","https://portal.gpters.org/?utm_source=kakaotalk&utm_medium=chat&utm_campaign=bootcamps&utm_content=home&utm_term=240115_","2024-01-15"
"GPTs 기본가이드 - 나만의 챗봇 만들기부터 GPT 스토어까지","https://www.gpters.org/chatbot/post/gpts-basic-guide-creating-fqxBYhfCgaYZikO?utm_source=kakaotalk&utm_medium=chatpromotion&utm_campaign=community&utm_content=board&utm_term=240115_","2024-01-15"
"챗 gpt가 정해주는 판매일자 feat. 이커머스 데이터 분석 꿀팁 - YouTube","https://www.youtube.com/watch?v=ZUa5KS92T2U&feature=youtu.be","2024-01-15"
"Chatbot App - AI Chatbot","https://chat.chatbotapp.ai/?model=gpt-3.5","2024-12-12"
"ChatGPT - 문장 스타일리스트(텍스트(문장)개선, 문장수정, 문장평가)","https://chatgpt.com/g/g-FC4BnNsqK-munjang-seutailriseuteu-tegseuteu-munjang-gaeseon-munjangsujeong-munjangpyeongga","2025-06-02"
"OpenAI Status","https://status.openai.com/","2024-06-05"
"윤 대통령 동해 140억 배럴 석유·가스 매장 가능성 발표 - 관련주 급등 이유와 전망 :: 주식 해적단","https://stock-pirates.tistory.com/15","2024-06-05"
"- YouTube","https://www.youtube.com/watch?v=MDVzA1IGVsY","2023-12-23"
"ChatGPT - 꼰대 GPT","https://chatgpt.com/g/g-8uG6XuyYY-ggondae-gpt","2024-01-15"
"아주대, 챗GPT로 정신질환 해석 > AI소식 - GPT매거진","https://www.gptmagazine.net/gptai/227","2024-01-18"
"괴식 레시피와 사진을 생성하는 Gourmet Oddity Bot(괴식봇) - TILNOTE","https://tilnote.io/pages/65b11a6d97cd559cd857bde3","2024-03-13"
"JavaScript is not available.","https://x.com/YohanKoo/status/1782302010169344498","2024-04-22"
"토스 AI 그래픽 생성기 써보고 싶다면..? 대신 Genie를 써보세요! - TILNOTE","https://tilnote.io/pages/65925e31a0da1e829b198f95","2024-01-01"
"Teaching with AI (교사를 위한 Open AI 예시 프롬프트 4종 분석)","https://cprompters.tistory.com/m/17","2024-01-03"
"ChatGPT Plugin Stories 사용방법.점점 동화책 만들기 쉬워집니다. - YouTube","https://www.youtube.com/watch?si=4F6zSxnDZE-zDDb8&v=l3cWEuLCqjU&feature=youtu.be","2024-01-03"
"ChatGPT - 수내의민족","https://chatgpt.com/g/g-T1ocQGCOd-sunaeyiminjog","2024-01-11"
"구글, 생성형 AI ‘제미나이 2.0’ 출시… “멀티모달·AI 에이전트 기능 강화” - 조선비즈","https://biz.chosun.com/it-science/ict/2024/12/12/WVGS2UNMTBGWPDH24JCNDSJM4E/","2024-12-12"
"[무료] 3/18(화) (야간) 강서 : 소통교육원","https://sotong4860.imweb.me/?idx=401&NaPm=ci%3D2r-UzXg6MzRRqt4pmKI8yGjA%7Ctr%3Dgfa%7Cct%3Dm7n56zkk%7Chk%3D79085f49ef543f9e4195bc6f3748021266510b5e%7Cnacn%3DhKkjBgAhqxfAB","2025-02-27"
"Teaching with AI (좋은 프롬프트 문장 엄선)","https://cprompters.tistory.com/m/22","2024-01-03"
"ChatGPT PDF 파일 업로드 요약 사용 방법 : 네이버 블로그","https://m.blog.naver.com/zelhumogris/223085779671","2024-01-16"
"ChatGPT - 직장인을 위한 보고서 작성하기 (Word 다운로드)","https://chatgpt.com/g/g-OM6kupPDh-jigjangineul-wihan-bogoseo-jagseonghagi-word-daunrodeu","2024-01-18"
"Reddit - The heart of the internet","https://www.reddit.com/r/ChatGPT/comments/1443job/our_systems_have_detected_unusual_activity_from/?rdt=41326","2024-02-06"
"KakaoTalk Open Chat","https://open.kakao.com/o/gW2P1KKf)","2024-03-06"
"240306 안장 출근길 뉴스클리핑 : 네이버 블로그","https://m.blog.naver.com/anjangram/223374445863","2024-03-06"
"Login | Cohere","https://dashboard.cohere.com/welcome/login?redirect_uri=%2Fplayground%2Fchat","2024-05-03"
"국가공무원인재개발원","https://www.nhi.go.kr/sharing/sharing6/dataResearch/Read.htm?ntt_id=7069","2024-05-17"
"OpenAI Status","https://status.openai.com/","2024-12-12"
"소통교육원","https://sotong4860.imweb.me/","2025-02-27"
"Config 2025: Pushing Design Further | Figma Blog","https://www.figma.com/blog/config-2025-recap/","2025-05-08"
"해외연수, 생성형 AI로 똑똑하게 준비하고 깊이 있게 배우기 - TILNOTE","https://tilnote.io/pages/6855fe273b88c1fc499c014a","2025-06-21"
"Legit_Engineers/Chatgpt 프롬포트 확장_김승우,Ditto,콩/Install/chat.prompt.cmd.json at main · itzel36/Legit_Engineers · GitHub","https://github.com/itzel36/Legit_Engineers/blob/main/Chatgpt%20%ED%94%84%EB%A1%AC%ED%8F%AC%ED%8A%B8%20%ED%99%95%EC%9E%A5_%EA%B9%80%EC%8A%B9%EC%9A%B0%2CDitto%2C%EC%BD%A9/Install/chat.prompt.cmd.json","2023-12-29"
"NLLB Demo Retired","https://nllb.metademolab.com/","2024-01-03"
"Oud Ispahan [동영상] | 모뉴먼트밸리, 벽 그림, 청첩장","https://kr.pinterest.com/pin/271412315036927600/sent/?invite_code=155eff73d15b43668ce24f7f31d4ee30&sender=514817938562256478&sfo=1","2024-01-09"
"ChatGPT Classic 사용하는 법 | 챗GPT 검색 기능 끄는 법 | 원본, 날 것 그대로의 GPT4 사용하는 방 - YouTube","https://www.youtube.com/watch?si=WBf_oJGfb9WgqmJ-&v=zqmrkpgSSVk&feature=youtu.be","2024-01-17"
"토스의 보이스톤 메이커를 GPTs로 만들기","https://www.gpters.org/marketing/post/converting-toss-voice-stone-Sx4k3fHwbrSietx","2024-02-07"
"ChatGPT is unavailable for some users. - OpenAI Status","https://status.openai.com/incidents/rs49lmsh6xxw","2024-06-04"
"ChatGPT로 글쓰기 기술 향상하는 5가지 전략 - AI로 어떻게 글을 잘쓸까?","https://www.gpters.org/ai-writing/post/5-strategies-improve-your-D9l4TuQr5tU33kF?utm_source=kakaotalk&utm_medium=chatpromotion&utm_campaign=community&utm_term=240610_","2024-06-10"
"Adobe Photoshop AI 기능을 이용한 동화책 만들기","https://www.gpters.org/research/post/create-childrens-book-using-4go8Nqr0mxDtCRv?utm_source=kakaotalk&utm_medium=chatpromotion&utm_campaign=community&utm_term=240610_","2024-06-10"
"AI와 함께하는 쇼핑몰의 컨셉과 지향점 찾는 여정","https://www.gpters.org/wealth/post/journey-find-concept-direction-yL8S9S3ZkMOIALn?utm_source=kakaotalk&utm_medium=chatpromotion&utm_campaign=community&utm_term=240610_","2024-06-10"
"KakaoTalk Open Chat","https://open.kakao.com/o/gJJuZUgg","2024-06-10"
"아주 쉽게 인공지능 이미지 분류 모델 학습하기 Feat.HuggingPics","https://www.gpters.org/research/post/learning-artificial-intelligence-image-lO282Zragm1FHFu?utm_source=kakaotalk&utm_medium=chatpromotion&utm_campaign=community&utm_term=240627_","2024-06-27"
"#핫딜 봇(품절되기 전에 남들보다 빠르게 알림받자!)","https://www.gpters.org/nocode/post/hot-deal-bot-XDr5ubKBbyeqPpS?utm_source=kakaotalk&utm_medium=chatpromotion&utm_campaign=community&utm_term=240627_","2024-06-27"
"zapier를 활용한 구글폼 -> 솔라피 -> 카카오톡 사례","https://www.gpters.org/nocode/post/google-form-using-zapier-X4kvJjkW4BJncoC?utm_source=kakaotalk&utm_medium=chatpromotion&utm_campaign=community&utm_term=240627_","2024-06-27"
"학생도 사용 가능! 학교 수업 활용을 위한 미조우 챗봇 완벽 가이드 - YouTube","https://www.youtube.com/watch?v=HpQ8_hnKQg0","2024-06-27"
"내가 원하는 블로그를 출근길에 들을 라디오로 만들기","https://www.gpters.org/newsletter/post/turn-blog-you-want-xRk7XhkLTOAABO0?utm_source=kakaotalk&utm_medium=organic&utm_campaign=community&utm_content=board&utm_term=%ED%81%90%EB%A0%88%EC%9D%B4%EC%85%98_240912","2024-09-12"
"[gen3 스터디] '인사해요' 공익광고 제작","https://www.gpters.org/media/post/production-public-service-advertisements-HGbXJ9Jhn5LONgF?utm_source=kakaotalk&utm_medium=organic&utm_campaign=community&utm_content=board&utm_term=%ED%81%90%EB%A0%88%EC%9D%B4%EC%85%98_240912","2024-09-12"
"AI 커뮤니티 - 지피터스","https://www.gpters.org/ai-study-list?utm_source=kakaotalk&utm_medium=organic&utm_campaign=community&utm_content=board&utm_term=%ED%81%90%EB%A0%88%EC%9D%B4%EC%85%98_240912","2024-09-12"
"관심 고객 목록 만들기와 구글 Script활용하여 뉴스 가져오기 (Apps Script)","https://www.gpters.org/wealth/post/create-list-interested-customers-AepxHZu1EQveTAN?utm_source=kakaotalk&utm_medium=organic&utm_campaign=community&utm_content=board&utm_term=%ED%81%90%EB%A0%88%EC%9D%B4%EC%85%98_240912","2024-09-12"
"Scispace를 이용해서 연구 아이디어부터 문헌 조사, 서론 초안 작성해보기","https://www.gpters.org/research/post/use-scispace-develop-research-UtlAcF958nKYkhx?utm_source=kakaotalk&utm_medium=organic&utm_campaign=community&utm_content=board&utm_term=%ED%81%90%EB%A0%88%EC%9D%B4%EC%85%98_240912","2024-09-12"
"Meet Layla: AI Trip Planner 2025 | Trusted by Millions","https://layla.ai/","2024-01-02"
"KakaoTalk Open Chat","https://open.kakao.com/o/gflbIxRf","2024-01-03"
