변동 내역 요약,대상월,상세내용,입력 담당자,입력일시,직원명
2025-07-01 동교동 근무 내역 (1건),2025년 7월 1일 오전 9:00 (GMT+9),"[변동사항 없음] 근무 내역 (1건):
• 전윤지: 36시간 - 근무시간 36시간",동교동 담당자,2025년 7월 28일 오후 10:00,
2025-07-01 인사동 근무 내역 (2건),2025년 7월 1일 오전 9:00 (GMT+9),"[인사동] 근무 내역 (2건):
• 신봉주: 69시간 - 69시간 근무
• 변동사항 없음",인사동 담당자,2025년 7월 28일 오후 10:00,
2025-07-01 이미커피로스터스 근무 내역 (1건),2025년 7월 1일 오전 9:00 (GMT+9),"[이미커피로스터스] 근무 내역 (1건):
• 변동사항 없음",이미커피로스터스 담당자,2025년 7월 28일 오후 10:00,
2025-07-01 연남동 근무 내역 (1건),2025년 7월 1일 오전 9:00 (GMT+9),"[이미커피] 근무 내역 (1건):
• 변동사항 없음",양과자 담당자,2025년 7월 28일 오후 10:00,
2025-08-01 인사동 근무 내역 (2건),2025년 8월 1일 오전 9:00 (GMT+9),"[인사동] 근무 내역 (2건):
• 신봉주: 60시간 - 근무시간 60시간
• 변동사항 없음",인사동 담당자,2025년 8월 28일 오후 10:00,
2025-08-01 연남동 근무 내역 (3건),2025년 8월 1일 오전 9:00 (GMT+9),"[연남동] 근무 내역 (3건):
• 김상혁: 1일 - 8/15 광복절 근무
• 최재경: 1일 - 8/15 광복절 근무
• 변동사항 없음",연남동 담당자,2025년 8월 28일 오후 10:01,
2025-08-01 변동사항 없음 근무 내역 (5건),2025년 8월 1일 오전 9:00 (GMT+9),"[변동사항 없음] 근무 내역 (5건):
• 전윤지: 42시간 - 주 42시간 근무
• 이사랑: 1일 - 8월 15일 광복절
• 이현지: 1일 - 8월 15일 광복절
• 노현종: 1일 - 8월 15일 광복절
• 변동사항 없음",변동사항 없음 담당자,2025년 8월 28일 오후 10:01,